<?xml version="1.0" encoding="utf-8"?>
<class id="dbe0fab1-2720-40f2-9f2c-76719e833d59" type="Class Library (.NET Core)" typeId="52B49DB5-3EA9-4095-B1A7-DF1AC22D7DAE">
  <name>Intent.Modules.Common.CSharp</name>
  <display>Intent.Modules.Common.CSharp</display>
  <isAbstract>false</isAbstract>
  <order>0</order>
  <genericTypes />
  <isMapped>false</isMapped>
  <parentFolderId>bdc9d8ca-394f-41db-8292-0b2ce02479ea</parentFolderId>
  <packageId>d7572075-96b5-4374-89fc-f4c831ee3147</packageId>
  <packageName>Intent.Modules</packageName>
  <stereotypes>
    <stereotype stereotypeDefinitionId="5d85edfb-490c-42c2-81ef-c57c0300eb5a" name=".NET Core Settings">
      <addedByDefault>true</addedByDefault>
      <definitionPackageName>Intent.VisualStudio.Projects</definitionPackageName>
      <definitionPackageId>a0636ab7-d3a1-430b-9609-11a18aa3cc7f</definitionPackageId>
      <properties>
        <property name="4756bd10-23e2-473b-9957-d7083759cd42" display="Target Multiple Frameworks" value="false" isActive="true" />
        <property name="ef3e7b17-ba1d-4818-82a2-5a8ad3875d40" display="Target Framework" value="d603dbfd-3361-4406-b5c0-efc2ac6f33fc" isActive="true" />
        <property name="5215b600-32fc-4a6d-af72-9eb88a6f30e7" display="Target Frameworks" value="" isActive="false" />
        <property name="7bfda3d8-b249-488e-b7d4-315d5f2b25f4" display="Runtime Identifiers" isActive="true" />
        <property name="bb694bf2-6758-492d-ae65-5a8626704786" display="Configurations" isActive="true" />
        <property name="3710062e-9beb-40e2-8f33-111efecf43a5" display="Root Namespace" isActive="true" />
        <property name="f2956d24-b6da-427b-8728-c4f44714ce69" display="User Secrets Id" isActive="true" />
        <property name="42cdb74e-d5fd-4969-94ca-585d0527b862" display="Generate Runtime Configuration Files" isActive="true" />
        <property name="6111c054-9a40-4f92-9f7c-3a8372af14b8" display="Generate Documentation File" isActive="true" />
      </properties>
    </stereotype>
    <stereotype stereotypeDefinitionId="d9b43864-0370-401b-9e71-b1d286919500" name="C# Project Options">
      <addedByDefault>true</addedByDefault>
      <definitionPackageName>Intent.VisualStudio.Projects</definitionPackageName>
      <definitionPackageId>a0636ab7-d3a1-430b-9609-11a18aa3cc7f</definitionPackageId>
      <properties>
        <property name="cb56677d-e132-4397-b2ec-3f47e950a111" display="Language Version" value="default" isActive="true" />
        <property name="5c953a82-78c4-4986-b204-df9fcbea5242" display="Relative Location" isActive="true" />
        <property name="415a5406-0517-4c0e-ab60-bc809a23c308" display="Nullable Enabled" value="false" isActive="true" />
      </properties>
    </stereotype>
  </stereotypes>
  <metadata />
  <childElements>
    <childElement id="607a1a87-5903-49d3-a9b7-cb0d680ba23f" type="Role" typeId="025e933b-b602-4b6d-95ab-0ec36ae940da">
      <name>Api</name>
      <display>Api</display>
      <isAbstract>false</isAbstract>
      <order>17</order>
      <genericTypes />
      <isMapped>false</isMapped>
      <parentFolderId>dbe0fab1-2720-40f2-9f2c-76719e833d59</parentFolderId>
      <packageId>d7572075-96b5-4374-89fc-f4c831ee3147</packageId>
      <packageName>Intent.Modules</packageName>
      <stereotypes />
      <metadata />
      <childElements />
    </childElement>
    <childElement id="a4bd2f6a-50c6-427c-89dd-2e6992da4bf4" type="Role" typeId="025e933b-b602-4b6d-95ab-0ec36ae940da">
      <name>Decorators</name>
      <display>Decorators</display>
      <isAbstract>false</isAbstract>
      <order>18</order>
      <genericTypes />
      <isMapped>false</isMapped>
      <parentFolderId>dbe0fab1-2720-40f2-9f2c-76719e833d59</parentFolderId>
      <packageId>d7572075-96b5-4374-89fc-f4c831ee3147</packageId>
      <packageName>Intent.Modules</packageName>
      <stereotypes />
      <metadata />
      <childElements />
    </childElement>
    <childElement id="cc4c51bc-fc49-40fc-afb4-db9d81a86419" type="Role" typeId="025e933b-b602-4b6d-95ab-0ec36ae940da">
      <name>DesignerConfig</name>
      <display>DesignerConfig</display>
      <isAbstract>false</isAbstract>
      <order>19</order>
      <genericTypes />
      <isMapped>false</isMapped>
      <parentFolderId>dbe0fab1-2720-40f2-9f2c-76719e833d59</parentFolderId>
      <packageId>d7572075-96b5-4374-89fc-f4c831ee3147</packageId>
      <packageName>Intent.Modules</packageName>
      <stereotypes />
      <metadata />
      <childElements />
    </childElement>
    <childElement id="03e34444-fb26-4ee7-850a-a55159efafc6" type="Role" typeId="025e933b-b602-4b6d-95ab-0ec36ae940da">
      <name>IModSpec</name>
      <display>IModSpec</display>
      <isAbstract>false</isAbstract>
      <order>20</order>
      <genericTypes />
      <isMapped>false</isMapped>
      <parentFolderId>dbe0fab1-2720-40f2-9f2c-76719e833d59</parentFolderId>
      <packageId>d7572075-96b5-4374-89fc-f4c831ee3147</packageId>
      <packageName>Intent.Modules</packageName>
      <stereotypes />
      <metadata />
      <childElements />
    </childElement>
    <childElement id="c559e9f3-4a50-45e2-9492-266d0e1cf0ab" type="Role" typeId="025e933b-b602-4b6d-95ab-0ec36ae940da">
      <name>Templates</name>
      <display>Templates</display>
      <isAbstract>false</isAbstract>
      <order>21</order>
      <genericTypes />
      <isMapped>false</isMapped>
      <parentFolderId>dbe0fab1-2720-40f2-9f2c-76719e833d59</parentFolderId>
      <packageId>d7572075-96b5-4374-89fc-f4c831ee3147</packageId>
      <packageName>Intent.Modules</packageName>
      <stereotypes />
      <metadata />
      <childElements />
    </childElement>
    <childElement id="6ce25f8d-9d05-4b1a-a892-fe92c68ee1e1" type="Template Output" typeId="d421c322-7a51-4094-89fa-e5d8a0a97b27">
      <name>Intent.ModuleBuilder.IModSpecFile</name>
      <display>Intent.ModuleBuilder.IModSpecFile</display>
      <externalReference>Intent.ModuleBuilder</externalReference>
      <isAbstract>false</isAbstract>
      <order>0</order>
      <genericTypes />
      <isMapped>false</isMapped>
      <parentFolderId>dbe0fab1-2720-40f2-9f2c-76719e833d59</parentFolderId>
      <stereotypes />
      <metadata />
      <childElements />
    </childElement>
    <childElement id="e9d14f35-23ae-49a8-ba3d-124ae5f5ef51" type="Template Output" typeId="d421c322-7a51-4094-89fa-e5d8a0a97b27">
      <name>Intent.ModuleBuilder.ReadMe</name>
      <display>Intent.ModuleBuilder.ReadMe</display>
      <externalReference>Intent.ModuleBuilder</externalReference>
      <isAbstract>false</isAbstract>
      <order>0</order>
      <genericTypes />
      <isMapped>false</isMapped>
      <parentFolderId>dbe0fab1-2720-40f2-9f2c-76719e833d59</parentFolderId>
      <stereotypes />
      <metadata />
      <childElements />
    </childElement>
    <childElement id="68ddb722-2473-41c7-86f0-3f28c0a84edb" type="Template Output" typeId="d421c322-7a51-4094-89fa-e5d8a0a97b27">
      <name>Intent.ModuleBuilder.Templates.Api.ApiMetadataDesignerExtensions</name>
      <display>Intent.ModuleBuilder.Templates.Api.ApiMetadataDesignerExtensions</display>
      <externalReference>Intent.ModuleBuilder</externalReference>
      <isAbstract>false</isAbstract>
      <order>0</order>
      <genericTypes />
      <isMapped>false</isMapped>
      <parentFolderId>dbe0fab1-2720-40f2-9f2c-76719e833d59</parentFolderId>
      <stereotypes />
      <metadata />
      <childElements />
    </childElement>
    <childElement id="573f2700-a5bf-45cc-9f37-adb7ab5cd0b8" type="Template Output" typeId="d421c322-7a51-4094-89fa-e5d8a0a97b27">
      <name>Intent.ModuleBuilder.Templates.Api.ApiMetadataPackageExtensions</name>
      <display>Intent.ModuleBuilder.Templates.Api.ApiMetadataPackageExtensions</display>
      <externalReference>Intent.ModuleBuilder</externalReference>
      <isAbstract>false</isAbstract>
      <order>0</order>
      <genericTypes />
      <isMapped>false</isMapped>
      <parentFolderId>dbe0fab1-2720-40f2-9f2c-76719e833d59</parentFolderId>
      <stereotypes />
      <metadata />
      <childElements />
    </childElement>
    <childElement id="439077ac-5547-4604-8af0-e3202ab61a02" type="Template Output" typeId="d421c322-7a51-4094-89fa-e5d8a0a97b27">
      <name>Intent.ModuleBuilder.Templates.Api.ApiMetadataProviderExtensions</name>
      <display>Intent.ModuleBuilder.Templates.Api.ApiMetadataProviderExtensions</display>
      <externalReference>Intent.ModuleBuilder</externalReference>
      <isAbstract>false</isAbstract>
      <order>0</order>
      <genericTypes />
      <isMapped>false</isMapped>
      <parentFolderId>dbe0fab1-2720-40f2-9f2c-76719e833d59</parentFolderId>
      <stereotypes />
      <metadata />
      <childElements />
    </childElement>
    <childElement id="76384d31-c196-438a-8664-e4c304cdfeae" type="Template Output" typeId="d421c322-7a51-4094-89fa-e5d8a0a97b27">
      <name>Intent.ModuleBuilder.Templates.StaticContentOutputReadme</name>
      <display>Intent.ModuleBuilder.Templates.StaticContentOutputReadme</display>
      <externalReference>Intent.ModuleBuilder</externalReference>
      <isAbstract>false</isAbstract>
      <genericTypes />
      <isMapped>false</isMapped>
      <parentFolderId>dbe0fab1-2720-40f2-9f2c-76719e833d59</parentFolderId>
      <stereotypes />
      <metadata>
        <entry key="status" value="assigned" />
      </metadata>
      <childElements />
    </childElement>
  </childElements>
</class>