<?xml version="1.0" encoding="utf-8"?>
<class id="1a3ec0dd-bbfc-4922-ae61-607b00610ffd" type="Element Extension" typeId="e3c7b1ca-f080-45c1-b56f-8d44226c8e20">
  <name>Folder Extension</name>
  <display>Folder Extension: Folder</display>
  <isAbstract>false</isAbstract>
  <order>3</order>
  <genericTypes />
  <typeReference id="4883f728-0c2e-4ef1-ba53-d22a8e9cfa61">
    <typeId>4d95d53a-8855-4f35-aa82-e312643f5c5f</typeId>
    <isNavigable>true</isNavigable>
    <isNullable>false</isNullable>
    <isCollection>false</isCollection>
    <isRequired>true</isRequired>
    <typePackageName>Intent.Common.Types</typePackageName>
    <typePackageId>870ad967-cbd4-4ea9-b86d-9c3a5d55ea67</typePackageId>
    <stereotypes />
    <genericTypeParameters />
  </typeReference>
  <isMapped>false</isMapped>
  <parentFolderId>f49d67ab-c0ef-4f48-a69d-db7a7a287260</parentFolderId>
  <packageId>73db16ce-8cc2-4b89-8348-9a8bda3fda4c</packageId>
  <packageName>Intent.Modelers.Eventing</packageName>
  <stereotypes>
    <stereotype stereotypeDefinitionId="159cbc8e-a910-40f7-8e45-3edadbb863c2" name="Type Reference Extension Settings">
      <addedByDefault>true</addedByDefault>
      <definitionPackageName>Intent.ModuleBuilder</definitionPackageName>
      <definitionPackageId>9972b2a9-b749-4bba-b5c8-824bf694c6ef</definitionPackageId>
      <properties>
        <property name="35226a83-3965-4224-8aef-20c68a0c5180" display="Mode" value="Inherit" isActive="true" />
        <property name="b2cef034-5706-45d2-8554-f4dc582a18ff" display="Target Types" isActive="false" />
        <property name="93e4efa9-186d-4e88-ae0a-491bcd6e6f5e" display="Default Type Id" isActive="false" />
        <property name="7a0c4185-1c08-4d3e-9185-14683d7a3bd0" display="Allow Collection" value="Inherit" isActive="false" />
        <property name="e3dc90ec-4f5f-4f20-b271-e28a5094dc91" display="Allow Nullable" value="Inherit" isActive="false" />
      </properties>
    </stereotype>
  </stereotypes>
  <childElements>
    <childElement id="1a66011d-0a4e-4304-a6ce-2d0419620888" type="Context Menu" typeId="d45e383d-90ba-4b64-aca7-34ca100cea21">
      <name>[context menu]</name>
      <display>[context menu]</display>
      <isAbstract>false</isAbstract>
      <order>1</order>
      <genericTypes />
      <isMapped>false</isMapped>
      <parentFolderId>1a3ec0dd-bbfc-4922-ae61-607b00610ffd</parentFolderId>
      <packageId>73db16ce-8cc2-4b89-8348-9a8bda3fda4c</packageId>
      <packageName>Intent.Modelers.Eventing</packageName>
      <stereotypes />
      <childElements>
        <childElement id="c5a54661-a7f2-4567-b0a1-cb6d358f6ca8" type="Element Creation Option" typeId="5fa12f89-da1e-49c5-b8e9-427b22407f19">
          <name>New Message</name>
          <display>New Message: Message</display>
          <isAbstract>false</isAbstract>
          <order>0</order>
          <genericTypes />
          <typeReference id="c87427c5-bb5f-457c-84f4-b05b9be8bd26">
            <typeId>cbe970af-5bad-4d92-a3ed-a24b9fdaa23e</typeId>
            <isNavigable>true</isNavigable>
            <isNullable>false</isNullable>
            <isCollection>false</isCollection>
            <isRequired>true</isRequired>
            <typePackageName>Intent.Modelers.Eventing</typePackageName>
            <typePackageId>73db16ce-8cc2-4b89-8348-9a8bda3fda4c</typePackageId>
            <stereotypes />
            <genericTypeParameters />
          </typeReference>
          <isMapped>false</isMapped>
          <parentFolderId>1a66011d-0a4e-4304-a6ce-2d0419620888</parentFolderId>
          <packageId>73db16ce-8cc2-4b89-8348-9a8bda3fda4c</packageId>
          <packageName>Intent.Modelers.Eventing</packageName>
          <stereotypes>
            <stereotype stereotypeDefinitionId="f4250b35-559d-4c0b-91ee-c3d7aa239814" name="Option Settings">
              <comment />
              <addedByDefault>true</addedByDefault>
              <definitionPackageName>Intent.ModuleBuilder</definitionPackageName>
              <definitionPackageId>9972b2a9-b749-4bba-b5c8-824bf694c6ef</definitionPackageId>
              <properties>
                <property name="9df41a97-0a8b-42c6-9d95-becf3d6d1e0b" display="Shortcut" value="ctrl + shift + m" isActive="true" />
                <property name="5572d05e-dd37-47f6-944a-73710c07f4f1" display="Shortcut (macOS)" isActive="true" />
                <property name="ba8a3ecd-0f08-499e-bb5b-929d40f56a45" display="Default Name" value="" isActive="true" />
                <property name="A43F388B-DAFF-422C-BD8D-FB433EFEC51B" display="Type Order" isActive="true" />
                <property name="8e092aa6-7d1a-4a06-af82-903e7642cef6" display="Allow Multiple" value="true" isActive="true" />
                <property name="719e9dff-2b8d-407d-912d-fac99a158721" display="Api Model Name" isActive="true" />
              </properties>
            </stereotype>
          </stereotypes>
          <childElements />
        </childElement>
        <childElement id="d6a4f18e-663c-4101-a42f-7a1eef36e4a1" type="Element Creation Option" typeId="5fa12f89-da1e-49c5-b8e9-427b22407f19">
          <name>New Type</name>
          <display>New Type: Type-Definition</display>
          <isAbstract>false</isAbstract>
          <order>1</order>
          <genericTypes />
          <typeReference id="6c1a8d45-3fb1-464e-8b10-56fe515885dc">
            <typeId>d4e577cd-ad05-4180-9a2e-fff4ddea0e1e</typeId>
            <isNavigable>true</isNavigable>
            <isNullable>false</isNullable>
            <isCollection>false</isCollection>
            <isRequired>true</isRequired>
            <typePackageName>Intent.Common.Types</typePackageName>
            <typePackageId>870ad967-cbd4-4ea9-b86d-9c3a5d55ea67</typePackageId>
            <stereotypes />
            <genericTypeParameters />
          </typeReference>
          <isMapped>false</isMapped>
          <parentFolderId>1a66011d-0a4e-4304-a6ce-2d0419620888</parentFolderId>
          <packageId>73db16ce-8cc2-4b89-8348-9a8bda3fda4c</packageId>
          <packageName>Intent.Modelers.Eventing</packageName>
          <stereotypes>
            <stereotype stereotypeDefinitionId="f4250b35-559d-4c0b-91ee-c3d7aa239814" name="Option Settings">
              <comment />
              <addedByDefault>true</addedByDefault>
              <definitionPackageName>Intent.ModuleBuilder</definitionPackageName>
              <definitionPackageId>9972b2a9-b749-4bba-b5c8-824bf694c6ef</definitionPackageId>
              <properties>
                <property name="9df41a97-0a8b-42c6-9d95-becf3d6d1e0b" display="Shortcut" value="ctrl + shift + t" isActive="true" />
                <property name="5572d05e-dd37-47f6-944a-73710c07f4f1" display="Shortcut (macOS)" isActive="true" />
                <property name="ba8a3ecd-0f08-499e-bb5b-929d40f56a45" display="Default Name" value="" isActive="true" />
                <property name="A43F388B-DAFF-422C-BD8D-FB433EFEC51B" display="Type Order" isActive="true" />
                <property name="8e092aa6-7d1a-4a06-af82-903e7642cef6" display="Allow Multiple" value="true" isActive="true" />
                <property name="719e9dff-2b8d-407d-912d-fac99a158721" display="Api Model Name" isActive="true" />
              </properties>
            </stereotype>
          </stereotypes>
          <childElements />
        </childElement>
        <childElement id="883719ee-f588-48a1-859b-9af9662b62dc" type="Element Creation Option" typeId="5fa12f89-da1e-49c5-b8e9-427b22407f19">
          <name>New Enum</name>
          <display>New Enum: Enum</display>
          <isAbstract>false</isAbstract>
          <order>2</order>
          <genericTypes />
          <typeReference id="fb9cac7d-32f7-4942-a231-e416278e249f">
            <typeId>85fba0e9-9161-4c85-a603-a229ef312beb</typeId>
            <isNavigable>true</isNavigable>
            <isNullable>false</isNullable>
            <isCollection>false</isCollection>
            <isRequired>true</isRequired>
            <typePackageName>Intent.Common.Types</typePackageName>
            <typePackageId>870ad967-cbd4-4ea9-b86d-9c3a5d55ea67</typePackageId>
            <stereotypes />
            <genericTypeParameters />
          </typeReference>
          <isMapped>false</isMapped>
          <parentFolderId>1a66011d-0a4e-4304-a6ce-2d0419620888</parentFolderId>
          <packageId>73db16ce-8cc2-4b89-8348-9a8bda3fda4c</packageId>
          <packageName>Intent.Modelers.Eventing</packageName>
          <stereotypes>
            <stereotype stereotypeDefinitionId="f4250b35-559d-4c0b-91ee-c3d7aa239814" name="Option Settings">
              <comment />
              <addedByDefault>true</addedByDefault>
              <definitionPackageName>Intent.ModuleBuilder</definitionPackageName>
              <definitionPackageId>9972b2a9-b749-4bba-b5c8-824bf694c6ef</definitionPackageId>
              <properties>
                <property name="9df41a97-0a8b-42c6-9d95-becf3d6d1e0b" display="Shortcut" value="ctrl + shift + e" isActive="true" />
                <property name="5572d05e-dd37-47f6-944a-73710c07f4f1" display="Shortcut (macOS)" isActive="true" />
                <property name="ba8a3ecd-0f08-499e-bb5b-929d40f56a45" display="Default Name" value="" isActive="true" />
                <property name="A43F388B-DAFF-422C-BD8D-FB433EFEC51B" display="Type Order" isActive="true" />
                <property name="8e092aa6-7d1a-4a06-af82-903e7642cef6" display="Allow Multiple" value="true" isActive="true" />
                <property name="719e9dff-2b8d-407d-912d-fac99a158721" display="Api Model Name" isActive="true" />
              </properties>
            </stereotype>
          </stereotypes>
          <childElements />
        </childElement>
        <childElement id="56198813-01dd-4866-9ce8-df2c934612ae" type="Stereotype-Definition Creation Option" typeId="0c721d5d-7721-414c-adaf-4c9f5c5531a9">
          <name>New Stereotype-Definition</name>
          <display>New Stereotype-Definition: Stereotype-Definition</display>
          <isAbstract>false</isAbstract>
          <order>3</order>
          <genericTypes />
          <typeReference id="add98b7a-048b-4971-9365-c2d88d5cbfa5">
            <typeId>54eff27b-2dfc-4853-8498-1a2c4700e385</typeId>
            <isNavigable>true</isNavigable>
            <isNullable>false</isNullable>
            <isCollection>false</isCollection>
            <isRequired>true</isRequired>
            <typePackageName>Intent.ModuleBuilder</typePackageName>
            <typePackageId>9972b2a9-b749-4bba-b5c8-824bf694c6ef</typePackageId>
            <stereotypes />
            <genericTypeParameters />
          </typeReference>
          <isMapped>false</isMapped>
          <parentFolderId>1a66011d-0a4e-4304-a6ce-2d0419620888</parentFolderId>
          <packageId>73db16ce-8cc2-4b89-8348-9a8bda3fda4c</packageId>
          <packageName>Intent.Modelers.Eventing</packageName>
          <stereotypes>
            <stereotype stereotypeDefinitionId="f4250b35-559d-4c0b-91ee-c3d7aa239814" name="Option Settings">
              <comment />
              <addedByDefault>true</addedByDefault>
              <definitionPackageName>Intent.ModuleBuilder</definitionPackageName>
              <definitionPackageId>9972b2a9-b749-4bba-b5c8-824bf694c6ef</definitionPackageId>
              <properties>
                <property name="9df41a97-0a8b-42c6-9d95-becf3d6d1e0b" display="Shortcut" isActive="true" />
                <property name="5572d05e-dd37-47f6-944a-73710c07f4f1" display="Shortcut (macOS)" isActive="true" />
                <property name="ba8a3ecd-0f08-499e-bb5b-929d40f56a45" display="Default Name" value="" isActive="true" />
                <property name="A43F388B-DAFF-422C-BD8D-FB433EFEC51B" display="Type Order" isActive="true" />
                <property name="8e092aa6-7d1a-4a06-af82-903e7642cef6" display="Allow Multiple" value="true" isActive="true" />
                <property name="719e9dff-2b8d-407d-912d-fac99a158721" display="Api Model Name" isActive="true" />
              </properties>
            </stereotype>
          </stereotypes>
          <childElements />
        </childElement>
      </childElements>
    </childElement>
  </childElements>
</class>