<?xml version="1.0" encoding="utf-8"?>
<class id="0bd1d535-7150-4bbe-87a9-472eeb81c558" type="Folder" typeId="3407a825-1331-4f3f-89a4-901903ed97ce">
  <name>modelers</name>
  <display>modelers</display>
  <isAbstract>false</isAbstract>
  <order>0</order>
  <genericTypes />
  <isMapped>false</isMapped>
  <parentFolderId>dbe0fab1-2720-40f2-9f2c-76719e833d59</parentFolderId>
  <stereotypes />
  <metadata />
  <childElements>
    <childElement id="bf0defbd-3e7f-403d-a05a-750d8116d544" type="Template Output" typeId="d421c322-7a51-4094-89fa-e5d8a0a97b27">
      <name>Intent.ModuleBuilder.DesignerConfig</name>
      <display>Intent.ModuleBuilder.DesignerConfig</display>
      <externalReference>Intent.ModuleBuilder</externalReference>
      <isAbstract>false</isAbstract>
      <order>0</order>
      <genericTypes />
      <isMapped>false</isMapped>
      <parentFolderId>0bd1d535-7150-4bbe-87a9-472eeb81c558</parentFolderId>
      <stereotypes />
      <metadata />
      <childElements />
    </childElement>
    <childElement id="a45af2fc-0fde-4cbd-9285-94f698b51001" type="Template Output" typeId="d421c322-7a51-4094-89fa-e5d8a0a97b27">
      <name>Intent.ModuleBuilder.DesignerSettings</name>
      <display>Intent.ModuleBuilder.DesignerSettings</display>
      <externalReference>Intent.ModuleBuilder</externalReference>
      <isAbstract>false</isAbstract>
      <order>0</order>
      <genericTypes />
      <isMapped>false</isMapped>
      <parentFolderId>0bd1d535-7150-4bbe-87a9-472eeb81c558</parentFolderId>
      <stereotypes />
      <metadata />
      <childElements />
    </childElement>
  </childElements>
</class>