<?xml version="1.0" encoding="utf-8"?>
<class id="25a5229a-9561-4dd8-986b-87789bbdc4bb" type="Folder" typeId="4d95d53a-8855-4f35-aa82-e312643f5c5f">
  <name>Templates</name>
  <display>Templates</display>
  <isAbstract>false</isAbstract>
  <order>10</order>
  <genericTypes />
  <isMapped>false</isMapped>
  <parentFolderId>dbe0fab1-2720-40f2-9f2c-76719e833d59</parentFolderId>
  <packageId>d7572075-96b5-4374-89fc-f4c831ee3147</packageId>
  <packageName>Intent.Modules</packageName>
  <stereotypes />
  <metadata />
  <childElements>
    <childElement id="252a543f-4e42-43ad-80d2-d9971292a176" type="Template Output" typeId="d421c322-7a51-4094-89fa-e5d8a0a97b27">
      <name>Intent.ModuleBuilder.CSharp.Templates.CSharpTemplatePartial</name>
      <display>Intent.ModuleBuilder.CSharp.Templates.CSharpTemplatePartial</display>
      <externalReference>Intent.ModuleBuilder.CSharp</externalReference>
      <isAbstract>false</isAbstract>
      <order>9</order>
      <genericTypes />
      <isMapped>false</isMapped>
      <parentFolderId>25a5229a-9561-4dd8-986b-87789bbdc4bb</parentFolderId>
      <packageId>d7572075-96b5-4374-89fc-f4c831ee3147</packageId>
      <packageName>Intent.Modules</packageName>
      <stereotypes />
      <metadata />
      <childElements />
    </childElement>
    <childElement id="db26a135-dee6-4e1d-a20f-69b3c830902b" type="Template Output" typeId="d421c322-7a51-4094-89fa-e5d8a0a97b27">
      <name>Intent.ModuleBuilder.CSharp.Templates.CSharpTemplate.T4Template.PreProcessed</name>
      <display>Intent.ModuleBuilder.CSharp.Templates.CSharpTemplate.T4Template.PreProcessed</display>
      <externalReference>Intent.ModuleBuilder.CSharp</externalReference>
      <isAbstract>false</isAbstract>
      <order>11</order>
      <genericTypes />
      <isMapped>false</isMapped>
      <parentFolderId>25a5229a-9561-4dd8-986b-87789bbdc4bb</parentFolderId>
      <packageId>d7572075-96b5-4374-89fc-f4c831ee3147</packageId>
      <packageName>Intent.Modules</packageName>
      <stereotypes />
      <metadata />
      <childElements />
    </childElement>
  </childElements>
</class>