<?xml version="1.0" encoding="utf-8"?>
<class id="4802c3fe-db17-4969-86e0-e8ae6b73a83c" type="Folder" typeId="3407a825-1331-4f3f-89a4-901903ed97ce">
  <name>Api</name>
  <display>Api</display>
  <isAbstract>false</isAbstract>
  <order>0</order>
  <genericTypes />
  <isMapped>false</isMapped>
  <parentFolderId>dbe0fab1-2720-40f2-9f2c-76719e833d59</parentFolderId>
  <stereotypes />
  <metadata />
  <childElements>
    <childElement id="6c8d74ee-f908-43a1-b550-8b5a5c48dfe3" type="Template Output" typeId="d421c322-7a51-4094-89fa-e5d8a0a97b27">
      <name>Intent.ModuleBuilder.Templates.Api.ApiAssociationModel</name>
      <display>Intent.ModuleBuilder.Templates.Api.ApiAssociationModel</display>
      <externalReference>Intent.ModuleBuilder</externalReference>
      <isAbstract>false</isAbstract>
      <order>0</order>
      <genericTypes />
      <isMapped>false</isMapped>
      <parentFolderId>4802c3fe-db17-4969-86e0-e8ae6b73a83c</parentFolderId>
      <stereotypes />
      <metadata />
      <childElements />
    </childElement>
    <childElement id="2d3129ec-9aeb-40b8-bd79-f78eb543e2b8" type="Template Output" typeId="d421c322-7a51-4094-89fa-e5d8a0a97b27">
      <name>Intent.ModuleBuilder.Templates.Api.ApiAssociationModelExtensions</name>
      <display>Intent.ModuleBuilder.Templates.Api.ApiAssociationModelExtensions</display>
      <externalReference>Intent.ModuleBuilder</externalReference>
      <isAbstract>false</isAbstract>
      <order>0</order>
      <genericTypes />
      <isMapped>false</isMapped>
      <parentFolderId>4802c3fe-db17-4969-86e0-e8ae6b73a83c</parentFolderId>
      <stereotypes />
      <metadata />
      <childElements />
    </childElement>
    <childElement id="e1a389ca-44db-4bfc-8c46-164334382813" type="Template Output" typeId="d421c322-7a51-4094-89fa-e5d8a0a97b27">
      <name>Intent.ModuleBuilder.Templates.Api.ApiElementExtensionModel</name>
      <display>Intent.ModuleBuilder.Templates.Api.ApiElementExtensionModel</display>
      <externalReference>Intent.ModuleBuilder</externalReference>
      <isAbstract>false</isAbstract>
      <order>0</order>
      <genericTypes />
      <isMapped>false</isMapped>
      <parentFolderId>4802c3fe-db17-4969-86e0-e8ae6b73a83c</parentFolderId>
      <stereotypes />
      <metadata />
      <childElements />
    </childElement>
    <childElement id="114bced8-746f-4104-98f6-11f45f16b9cf" type="Template Output" typeId="d421c322-7a51-4094-89fa-e5d8a0a97b27">
      <name>Intent.ModuleBuilder.Templates.Api.ApiElementModel</name>
      <display>Intent.ModuleBuilder.Templates.Api.ApiElementModel</display>
      <externalReference>Intent.ModuleBuilder</externalReference>
      <isAbstract>false</isAbstract>
      <order>0</order>
      <genericTypes />
      <isMapped>false</isMapped>
      <parentFolderId>4802c3fe-db17-4969-86e0-e8ae6b73a83c</parentFolderId>
      <stereotypes />
      <metadata />
      <childElements />
    </childElement>
    <childElement id="260a694b-e366-452a-91fb-9c54dac0a05d" type="Template Output" typeId="d421c322-7a51-4094-89fa-e5d8a0a97b27">
      <name>Intent.ModuleBuilder.Templates.Api.ApiElementModelExtensions</name>
      <display>Intent.ModuleBuilder.Templates.Api.ApiElementModelExtensions</display>
      <externalReference>Intent.ModuleBuilder</externalReference>
      <isAbstract>false</isAbstract>
      <order>0</order>
      <genericTypes />
      <isMapped>false</isMapped>
      <parentFolderId>4802c3fe-db17-4969-86e0-e8ae6b73a83c</parentFolderId>
      <stereotypes />
      <metadata />
      <childElements />
    </childElement>
    <childElement id="59d83fbd-73b0-49b2-b8d2-24b45bedec35" type="Template Output" typeId="d421c322-7a51-4094-89fa-e5d8a0a97b27">
      <name>Intent.ModuleBuilder.Templates.Api.ApiElementModelPartial</name>
      <display>Intent.ModuleBuilder.Templates.Api.ApiElementModelPartial</display>
      <externalReference>Intent.ModuleBuilder</externalReference>
      <isAbstract>false</isAbstract>
      <order>0</order>
      <genericTypes />
      <isMapped>false</isMapped>
      <parentFolderId>4802c3fe-db17-4969-86e0-e8ae6b73a83c</parentFolderId>
      <stereotypes />
      <metadata />
      <childElements />
    </childElement>
    <childElement id="a0841f57-34d5-4597-a479-22c30d8a4030" type="Template Output" typeId="d421c322-7a51-4094-89fa-e5d8a0a97b27">
      <name>Intent.ModuleBuilder.Templates.Api.ApiPackageExtensionModel</name>
      <display>Intent.ModuleBuilder.Templates.Api.ApiPackageExtensionModel</display>
      <externalReference>Intent.ModuleBuilder</externalReference>
      <isAbstract>false</isAbstract>
      <order>0</order>
      <genericTypes />
      <isMapped>false</isMapped>
      <parentFolderId>4802c3fe-db17-4969-86e0-e8ae6b73a83c</parentFolderId>
      <stereotypes />
      <metadata />
      <childElements />
    </childElement>
    <childElement id="4d68c5dc-fa11-42f4-bb7d-1a8a88c8f4ee" type="Template Output" typeId="d421c322-7a51-4094-89fa-e5d8a0a97b27">
      <name>Intent.ModuleBuilder.Templates.Api.ApiPackageModel</name>
      <display>Intent.ModuleBuilder.Templates.Api.ApiPackageModel</display>
      <externalReference>Intent.ModuleBuilder</externalReference>
      <isAbstract>false</isAbstract>
      <order>0</order>
      <genericTypes />
      <isMapped>false</isMapped>
      <parentFolderId>4802c3fe-db17-4969-86e0-e8ae6b73a83c</parentFolderId>
      <stereotypes />
      <metadata />
      <childElements />
    </childElement>
  </childElements>
</class>