<?xml version="1.0" encoding="utf-8"?>
<class id="499bd241-9cb1-40b7-90c8-7e94329db973" type="Folder" typeId="3407a825-1331-4f3f-89a4-901903ed97ce">
  <name>FactoryExtensions</name>
  <display>FactoryExtensions</display>
  <isAbstract>false</isAbstract>
  <order>0</order>
  <genericTypes />
  <isMapped>false</isMapped>
  <parentFolderId>dbe0fab1-2720-40f2-9f2c-76719e833d59</parentFolderId>
  <stereotypes />
  <metadata />
  <childElements>
    <childElement id="6f182476-6259-43fe-b745-ece677ce2ef4" type="Template Output" typeId="d421c322-7a51-4094-89fa-e5d8a0a97b27">
      <name>Intent.ModuleBuilder.Templates.FactoryExtension</name>
      <display>Intent.ModuleBuilder.Templates.FactoryExtension</display>
      <externalReference>Intent.ModuleBuilder</externalReference>
      <isAbstract>false</isAbstract>
      <order>0</order>
      <genericTypes />
      <isMapped>false</isMapped>
      <parentFolderId>499bd241-9cb1-40b7-90c8-7e94329db973</parentFolderId>
      <stereotypes />
      <metadata />
      <childElements />
    </childElement>
  </childElements>
</class>