<?xml version="1.0" encoding="utf-8"?>
<class id="864a6d73-9d12-4226-ba18-357f7f937d19" type="Folder" typeId="4d95d53a-8855-4f35-aa82-e312643f5c5f">
  <name>Templates</name>
  <display>Templates</display>
  <isAbstract>false</isAbstract>
  <order>11</order>
  <genericTypes />
  <isMapped>false</isMapped>
  <parentFolderId>dbe0fab1-2720-40f2-9f2c-76719e833d59</parentFolderId>
  <packageId>d7572075-96b5-4374-89fc-f4c831ee3147</packageId>
  <packageName>Intent.Modules</packageName>
  <stereotypes />
  <metadata />
  <childElements />
</class>