<?xml version="1.0" encoding="utf-8"?>
<class id="94e0c750-cc8b-4da1-83fe-c83627a437b2" type="Folder" typeId="3407a825-1331-4f3f-89a4-901903ed97ce">
  <name>Settings</name>
  <display>Settings</display>
  <isAbstract>false</isAbstract>
  <order>0</order>
  <genericTypes />
  <isMapped>false</isMapped>
  <parentFolderId>dbe0fab1-2720-40f2-9f2c-76719e833d59</parentFolderId>
  <stereotypes />
  <metadata />
  <childElements>
    <childElement id="473875de-82fb-43b4-9f42-0efaa3def594" type="Template Output" typeId="d421c322-7a51-4094-89fa-e5d8a0a97b27">
      <name>Intent.ModuleBuilder.Templates.Settings.ModuleSettingsExtensions</name>
      <display>Intent.ModuleBuilder.Templates.Settings.ModuleSettingsExtensions</display>
      <externalReference>Intent.ModuleBuilder</externalReference>
      <isAbstract>false</isAbstract>
      <order>0</order>
      <genericTypes />
      <isMapped>false</isMapped>
      <parentFolderId>94e0c750-cc8b-4da1-83fe-c83627a437b2</parentFolderId>
      <stereotypes />
      <metadata />
      <childElements />
    </childElement>
  </childElements>
</class>