<?xml version="1.0" encoding="utf-8"?>
<class id="ba710f1a-1f77-4a5d-b72e-35075852053b" type="Folder" typeId="3407a825-1331-4f3f-89a4-901903ed97ce">
  <name>Templates</name>
  <display>Templates</display>
  <isAbstract>false</isAbstract>
  <order>0</order>
  <genericTypes />
  <isMapped>false</isMapped>
  <parentFolderId>dbe0fab1-2720-40f2-9f2c-76719e833d59</parentFolderId>
  <stereotypes />
  <metadata />
  <childElements>
    <childElement id="a942b9e7-ab32-423d-9f4b-c82bb7e5315f" type="Template Output" typeId="d421c322-7a51-4094-89fa-e5d8a0a97b27">
      <name>Intent.ModuleBuilder.ProjectItemTemplate.Partial</name>
      <display>Intent.ModuleBuilder.ProjectItemTemplate.Partial</display>
      <externalReference>Intent.ModuleBuilder</externalReference>
      <isAbstract>false</isAbstract>
      <order>0</order>
      <genericTypes />
      <isMapped>false</isMapped>
      <parentFolderId>ba710f1a-1f77-4a5d-b72e-35075852053b</parentFolderId>
      <stereotypes />
      <metadata />
      <childElements />
    </childElement>
    <childElement id="e2bb1bd8-8e74-4012-8e53-3ac0cc3d1c7d" type="Template Output" typeId="d421c322-7a51-4094-89fa-e5d8a0a97b27">
      <name>Intent.ModuleBuilder.ProjectItemTemplate.T4Template.PreProcessed</name>
      <display>Intent.ModuleBuilder.ProjectItemTemplate.T4Template.PreProcessed</display>
      <externalReference>Intent.ModuleBuilder</externalReference>
      <isAbstract>false</isAbstract>
      <order>0</order>
      <genericTypes />
      <isMapped>false</isMapped>
      <parentFolderId>ba710f1a-1f77-4a5d-b72e-35075852053b</parentFolderId>
      <stereotypes />
      <metadata />
      <childElements />
    </childElement>
    <childElement id="3ddd639a-ea7f-49a8-b93e-f1c641eb9bc7" type="Template Output" typeId="d421c322-7a51-4094-89fa-e5d8a0a97b27">
      <name>Intent.ModuleBuilder.TemplateRegistration.Custom</name>
      <display>Intent.ModuleBuilder.TemplateRegistration.Custom</display>
      <externalReference>Intent.ModuleBuilder</externalReference>
      <isAbstract>false</isAbstract>
      <order>0</order>
      <genericTypes />
      <isMapped>false</isMapped>
      <parentFolderId>ba710f1a-1f77-4a5d-b72e-35075852053b</parentFolderId>
      <stereotypes />
      <metadata />
      <childElements />
    </childElement>
    <childElement id="a990197c-bf7f-4336-828a-1cd4e5d2c7c7" type="Template Output" typeId="d421c322-7a51-4094-89fa-e5d8a0a97b27">
      <name>Intent.ModuleBuilder.TemplateRegistration.FilePerModel</name>
      <display>Intent.ModuleBuilder.TemplateRegistration.FilePerModel</display>
      <externalReference>Intent.ModuleBuilder</externalReference>
      <isAbstract>false</isAbstract>
      <order>0</order>
      <genericTypes />
      <isMapped>false</isMapped>
      <parentFolderId>ba710f1a-1f77-4a5d-b72e-35075852053b</parentFolderId>
      <stereotypes />
      <metadata />
      <childElements />
    </childElement>
    <childElement id="e84eaabb-0575-4bbb-8b29-4d10430a1f65" type="Template Output" typeId="d421c322-7a51-4094-89fa-e5d8a0a97b27">
      <name>Intent.ModuleBuilder.TemplateRegistration.SingleFileListModel</name>
      <display>Intent.ModuleBuilder.TemplateRegistration.SingleFileListModel</display>
      <externalReference>Intent.ModuleBuilder</externalReference>
      <isAbstract>false</isAbstract>
      <order>0</order>
      <genericTypes />
      <isMapped>false</isMapped>
      <parentFolderId>ba710f1a-1f77-4a5d-b72e-35075852053b</parentFolderId>
      <stereotypes />
      <metadata />
      <childElements />
    </childElement>
    <childElement id="6a179586-d1c6-468e-b118-40482db3e985" type="Template Output" typeId="d421c322-7a51-4094-89fa-e5d8a0a97b27">
      <name>Intent.ModuleBuilder.TemplateRegistration.SingleFileNoModel</name>
      <display>Intent.ModuleBuilder.TemplateRegistration.SingleFileNoModel</display>
      <externalReference>Intent.ModuleBuilder</externalReference>
      <isAbstract>false</isAbstract>
      <order>0</order>
      <genericTypes />
      <isMapped>false</isMapped>
      <parentFolderId>ba710f1a-1f77-4a5d-b72e-35075852053b</parentFolderId>
      <stereotypes />
      <metadata />
      <childElements />
    </childElement>
    <childElement id="0a7fceee-bcb5-4962-baad-40cc9a598947" type="Template Output" typeId="d421c322-7a51-4094-89fa-e5d8a0a97b27">
      <name>Intent.ModuleBuilder.Templates.TemplateDecoratorContract</name>
      <display>Intent.ModuleBuilder.Templates.TemplateDecoratorContract</display>
      <externalReference>Intent.ModuleBuilder</externalReference>
      <isAbstract>false</isAbstract>
      <order>0</order>
      <genericTypes />
      <isMapped>false</isMapped>
      <parentFolderId>ba710f1a-1f77-4a5d-b72e-35075852053b</parentFolderId>
      <stereotypes />
      <metadata />
      <childElements />
    </childElement>
    <childElement id="2a163137-e732-4fad-a821-7c08cc0fad57" type="Template Output" typeId="d421c322-7a51-4094-89fa-e5d8a0a97b27">
      <name>Intent.ModuleBuilder.Templates.TemplateExtensions</name>
      <display>Intent.ModuleBuilder.Templates.TemplateExtensions</display>
      <externalReference>Intent.ModuleBuilder</externalReference>
      <isAbstract>false</isAbstract>
      <order>0</order>
      <genericTypes />
      <isMapped>false</isMapped>
      <parentFolderId>ba710f1a-1f77-4a5d-b72e-35075852053b</parentFolderId>
      <stereotypes />
      <metadata />
      <childElements />
    </childElement>
    <childElement id="454ed8d6-41df-4695-868d-c4424f798be5" type="Template Output" typeId="d421c322-7a51-4094-89fa-e5d8a0a97b27">
      <name>Intent.ModuleBuilder.Templates.StaticContentTemplateRegistration</name>
      <display>Intent.ModuleBuilder.Templates.StaticContentTemplateRegistration</display>
      <externalReference>Intent.ModuleBuilder</externalReference>
      <isAbstract>false</isAbstract>
      <genericTypes />
      <isMapped>false</isMapped>
      <parentFolderId>ba710f1a-1f77-4a5d-b72e-35075852053b</parentFolderId>
      <stereotypes />
      <metadata>
        <entry key="status" value="assigned" />
      </metadata>
      <childElements />
    </childElement>
    <childElement id="138f904d-b4d9-4dd0-8935-fbd3e90ff098" type="Template Output" typeId="d421c322-7a51-4094-89fa-e5d8a0a97b27">
      <name>Intent.ModuleBuilder.CSharp.Templates.CSharpStringInterpolationTemplate</name>
      <display>Intent.ModuleBuilder.CSharp.Templates.CSharpStringInterpolationTemplate</display>
      <externalReference>Intent.ModuleBuilder.CSharp</externalReference>
      <isAbstract>false</isAbstract>
      <genericTypes />
      <isMapped>false</isMapped>
      <parentFolderId>ba710f1a-1f77-4a5d-b72e-35075852053b</parentFolderId>
      <stereotypes />
      <metadata>
        <entry key="status" value="assigned" />
      </metadata>
      <childElements />
    </childElement>
    <childElement id="ecb3c4f0-04f0-4eb3-b6b6-fcb308336e76" type="Template Output" typeId="d421c322-7a51-4094-89fa-e5d8a0a97b27">
      <name>Intent.ModuleBuilder.CSharp.Templates.CSharpT4Template</name>
      <display>Intent.ModuleBuilder.CSharp.Templates.CSharpT4Template</display>
      <externalReference>Intent.ModuleBuilder.CSharp</externalReference>
      <isAbstract>false</isAbstract>
      <genericTypes />
      <isMapped>false</isMapped>
      <parentFolderId>ba710f1a-1f77-4a5d-b72e-35075852053b</parentFolderId>
      <stereotypes />
      <metadata>
        <entry key="status" value="assigned" />
      </metadata>
      <childElements />
    </childElement>
    <childElement id="0e104afd-2f73-49e6-879a-66da54291747" type="Template Output" typeId="d421c322-7a51-4094-89fa-e5d8a0a97b27">
      <name>Intent.ModuleBuilder.Templates.FileTemplateStringInterpolation</name>
      <display>Intent.ModuleBuilder.Templates.FileTemplateStringInterpolation</display>
      <externalReference>Intent.ModuleBuilder</externalReference>
      <isAbstract>false</isAbstract>
      <genericTypes />
      <isMapped>false</isMapped>
      <parentFolderId>ba710f1a-1f77-4a5d-b72e-35075852053b</parentFolderId>
      <stereotypes />
      <metadata>
        <entry key="status" value="assigned" />
      </metadata>
      <childElements />
    </childElement>
    <childElement id="247c8cdd-4485-4b3d-b5ac-6e9e025ff829" type="Template Output" typeId="d421c322-7a51-4094-89fa-e5d8a0a97b27">
      <name>Intent.ModuleBuilder.Templates.FileTemplateT4</name>
      <display>Intent.ModuleBuilder.Templates.FileTemplateT4</display>
      <externalReference>Intent.ModuleBuilder</externalReference>
      <isAbstract>false</isAbstract>
      <genericTypes />
      <isMapped>false</isMapped>
      <parentFolderId>ba710f1a-1f77-4a5d-b72e-35075852053b</parentFolderId>
      <stereotypes />
      <metadata>
        <entry key="status" value="assigned" />
      </metadata>
      <childElements />
    </childElement>
  </childElements>
</class>