<?xml version="1.0" encoding="utf-8"?>
<class id="bdc690de-9462-4278-86f9-9e642c46d10a" type="Folder" typeId="3407a825-1331-4f3f-89a4-901903ed97ce">
  <name>Decorators</name>
  <display>Decorators</display>
  <isAbstract>false</isAbstract>
  <order>0</order>
  <genericTypes />
  <isMapped>false</isMapped>
  <parentFolderId>dbe0fab1-2720-40f2-9f2c-76719e833d59</parentFolderId>
  <stereotypes />
  <metadata />
  <childElements>
    <childElement id="b3033b1b-084c-4c3c-a08c-3572bff397d0" type="Template Output" typeId="d421c322-7a51-4094-89fa-e5d8a0a97b27">
      <name>Intent.ModuleBuilder.DecoratorRegistration.Template</name>
      <display>Intent.ModuleBuilder.DecoratorRegistration.Template</display>
      <externalReference>Intent.ModuleBuilder</externalReference>
      <isAbstract>false</isAbstract>
      <order>0</order>
      <genericTypes />
      <isMapped>false</isMapped>
      <parentFolderId>bdc690de-9462-4278-86f9-9e642c46d10a</parentFolderId>
      <stereotypes />
      <metadata />
      <childElements />
    </childElement>
    <childElement id="c77b69b0-d61d-47f4-af51-d242b666689b" type="Template Output" typeId="d421c322-7a51-4094-89fa-e5d8a0a97b27">
      <name>Intent.ModuleBuilder.DecoratorTemplate</name>
      <display>Intent.ModuleBuilder.DecoratorTemplate</display>
      <externalReference>Intent.ModuleBuilder</externalReference>
      <isAbstract>false</isAbstract>
      <order>0</order>
      <genericTypes />
      <isMapped>false</isMapped>
      <parentFolderId>bdc690de-9462-4278-86f9-9e642c46d10a</parentFolderId>
      <stereotypes />
      <metadata />
      <childElements />
    </childElement>
    <childElement id="252e3216-8d4d-41a2-a7be-dec131d26529" type="Template Output" typeId="d421c322-7a51-4094-89fa-e5d8a0a97b27">
      <name>Intent.ModuleBuilder.Templates.TemplateDecorator</name>
      <display>Intent.ModuleBuilder.Templates.TemplateDecorator</display>
      <externalReference>Intent.ModuleBuilder</externalReference>
      <isAbstract>false</isAbstract>
      <order>0</order>
      <genericTypes />
      <isMapped>false</isMapped>
      <parentFolderId>bdc690de-9462-4278-86f9-9e642c46d10a</parentFolderId>
      <stereotypes />
      <metadata />
      <childElements />
    </childElement>
    <childElement id="dafc99a0-adf3-45a6-a662-ea8ff8cd77fd" type="Template Output" typeId="d421c322-7a51-4094-89fa-e5d8a0a97b27">
      <name>Intent.ModuleBuilder.Templates.TemplateDecoratorRegistration</name>
      <display>Intent.ModuleBuilder.Templates.TemplateDecoratorRegistration</display>
      <externalReference>Intent.ModuleBuilder</externalReference>
      <isAbstract>false</isAbstract>
      <order>0</order>
      <genericTypes />
      <isMapped>false</isMapped>
      <parentFolderId>bdc690de-9462-4278-86f9-9e642c46d10a</parentFolderId>
      <stereotypes />
      <metadata />
      <childElements />
    </childElement>
  </childElements>
</class>