<?xml version="1.0" encoding="utf-8"?>
<class id="cc2d6268-769f-40eb-a0d5-d2be2a73c629" type="Folder" typeId="4d95d53a-8855-4f35-aa82-e312643f5c5f">
  <name>FactoryExtensions</name>
  <display>FactoryExtensions</display>
  <isAbstract>false</isAbstract>
  <order>4</order>
  <genericTypes />
  <isMapped>false</isMapped>
  <parentFolderId>dbe0fab1-2720-40f2-9f2c-76719e833d59</parentFolderId>
  <packageId>d7572075-96b5-4374-89fc-f4c831ee3147</packageId>
  <packageName>Intent.Modules</packageName>
  <stereotypes />
  <metadata />
  <childElements />
</class>