<?xml version="1.0" encoding="utf-8"?>
<class id="ac767a4d-2ca5-445d-9e86-ee8a3c5d0b83" type="Folder" typeId="4d95d53a-8855-4f35-aa82-e312643f5c5f">
  <name>Types</name>
  <display>Types</display>
  <isAbstract>false</isAbstract>
  <sort-children>by-type-then-by-name</sort-children>
  <genericTypes />
  <isMapped>false</isMapped>
  <parentFolderId>730e1275-0c32-44f7-991a-9619d07ca68d</parentFolderId>
  <packageId>730e1275-0c32-44f7-991a-9619d07ca68d</packageId>
  <packageName>Intent.Common.CSharp</packageName>
  <stereotypes>
    <stereotype stereotypeDefinitionId="66fd9e66-42c7-4ef9-a778-b68e009272b9" name="Folder Options">
      <addedByDefault>true</addedByDefault>
      <definitionPackageName>Intent.Common.CSharp</definitionPackageName>
      <definitionPackageId>730e1275-0c32-44f7-991a-9619d07ca68d</definitionPackageId>
      <properties>
        <property name="96df2fa6-7361-4e43-9acf-dbcea23b650a" display="Namespace Provider" value="true" isActive="true" />
      </properties>
    </stereotype>
  </stereotypes>
  <metadata />
  <childElements />
</class>