<?xml version="1.0" encoding="utf-8"?>
<class id="bdc9d8ca-394f-41db-8292-0b2ce02479ea" type="Solution Folder" typeId="0dc2b846-c968-49eb-99b7-8776919313a8">
  <name>Common</name>
  <display>Common</display>
  <isAbstract>false</isAbstract>
  <order>0</order>
  <genericTypes />
  <isMapped>false</isMapped>
  <parentFolderId>d21f3683-ce13-44db-ad5a-daecb913bc18</parentFolderId>
  <packageId>d7572075-96b5-4374-89fc-f4c831ee3147</packageId>
  <packageName>Intent.Modules</packageName>
  <stereotypes />
  <metadata />
  <childElements />
</class>