<?xml version="1.0" encoding="utf-8"?>
<class id="d21f3683-ce13-44db-ad5a-daecb913bc18" type="Solution Folder" typeId="0dc2b846-c968-49eb-99b7-8776919313a8">
  <name>Modules</name>
  <display>Modules</display>
  <isAbstract>false</isAbstract>
  <order>1</order>
  <genericTypes />
  <isMapped>false</isMapped>
  <parentFolderId>d7572075-96b5-4374-89fc-f4c831ee3147</parentFolderId>
  <packageId>d7572075-96b5-4374-89fc-f4c831ee3147</packageId>
  <packageName>Intent.Modules</packageName>
  <stereotypes />
  <metadata />
  <childElements />
</class>